last_name, first_name,player_id,team_id,team,position,age,competitive_runs,hp_to_1b,sprint_speed
Buxton, Byron,621439,142,MIN,CF,25,35,3.98,30.5
Sierra, Magneuris,642423,146,MIA,CF,22,64,3.91,30.2
Quinn, Roman,596451,143,PHI,CF,25,56,3.88,30.2
Engel, Adam,641553,145,CWS,CF,27,181,4.08,30.1
Hamilton, Billy,571740,113,CIN,CF,28,203,3.94,30.1
Turner, Trea,607208,120,WSH,SS,25,259,4.10,30.1
Bader, Harrison,664056,138,STL,CF,24,152,4.07,30.0
Hampson, Garrett,641658,115,COL,SS,24,21,,30.0
DeShields, Delino,592261,140,TEX,CF,26,150,4.03,30.0
Brito, Socrates,593647,109,ARI,RF,26,11,,29.9
Mondesi, Adalberto,609275,118,KC,SS,23,96,4.07,29.9
Galloway, Isaac,543194,146,MIA,CF,29,22,4.14,29.9
Andreoli, John,607430,110,BAL,LF,28,25,4.14,29.8
Smith, Mallex,605480,139,TB,CF,25,255,4.03,29.8
Cordell, Ryan,641477,145,CWS,CF,26,9,,29.8
Broxton, Keon,542979,158,MIL,CF,28,34,4.18,29.7
Straw, Myles,664702,117,HOU,LF,24,7,,29.7
Gerber, Mike,595222,116,DET,LF,26,11,,29.6
Story, Trevor,596115,115,COL,SS,26,222,4.16,29.6
Acuna Jr., Ronald,660670,144,ATL,LF,21,175,4.10,29.6
O'Neill, Tyler,641933,138,STL,LF,23,32,4.11,29.5
Negron, Kristopher,502117,136,SEA,3B,32,14,,29.5
Shuck, JB,543776,146,MIA,RF,31,62,3.98,29.5
Adams, Lane,572669,144,ATL,LF,29,13,,29.5
Swanson, Dansby,621020,144,ATL,SS,24,199,4.09,29.4
Rosario, Amed,642708,121,NYM,SS,23,265,4.15,29.4
Margot, Manuel,622534,135,SD,CF,24,211,4.19,29.4
Kingery, Scott,664068,143,PHI,SS,24,160,4.10,29.4
Zimmer, Bradley,605548,114,CLE,CF,26,36,4.10,29.4
Fisher, Derek,605233,117,HOU,LF,25,24,4.18,29.4
Robles, Victor,645302,120,WSH,CF,21,19,,29.3
Hermosillo, Michael,641684,108,LAA,RF,23,31,4.23,29.3
Brinson, Lewis,621446,146,MIA,CF,24,160,4.21,29.3
Mullins, Cedric,656775,110,BAL,CF,24,82,4.05,29.3
Davis, Rajai,434658,114,CLE,CF,38,92,4.08,29.3
Reyes, Victor,622682,116,DET,LF,24,109,4.20,29.2
Berti, Jon,542932,141,TOR,2B,28,8,,29.2
Marisnick, Jake,545350,117,HOU,CF,27,70,4.24,29.2
Orlando, Paulo,449181,118,KC,CF,33,34,4.29,29.2
Trout, Mike,545361,108,LAA,CF,27,184,4.25,29.2
Cordero, Franchy,614173,135,SD,LF,24,46,4.18,29.2
Rivera, Yadiel,592680,146,MIA,3B,26,61,4.24,29.2
Hernandez, Cesar,514917,143,PHI,2B,28,247,4.13,29.1
Gardner, Brett,458731,147,NYY,LF,35,259,4.02,29.1
Goodrum, Niko,592348,116,DET,2B,26,186,4.20,29.1
Garcia, Adolis,666969,138,STL,RF,25,7,,29.1
Jones, JaCoby,592444,116,DET,CF,26,174,4.23,29.1
Fowler, Dustin,641583,133,OAK,CF,24,64,4.10,29.1
Bourjos, Peter,488721,144,ATL,CF,31,19,4.15,29.0
Gosselin, Phil,594838,113,CIN,3B,30,11,,29.0
Newman, Kevin,621028,134,PIT,SS,25,48,4.25,29.0
Merrifield, Whit,593160,118,KC,2B,29,249,4.23,29.0
Dyson, Jarrod,502481,109,ARI,CF,34,87,4.06,29.0
Laureano, Ramon,657656,133,OAK,CF,24,69,4.10,29.0
Wilkerson, Stevie,592859,110,BAL,2B,26,25,,29.0
Tilson, Charlie,605508,145,CWS,LF,26,69,4.13,29.0
Altherr, Aaron,571437,143,PHI,RF,27,98,4.39,29.0
Taylor, Michael A.,572191,120,WSH,CF,27,156,4.14,29.0
Jankowski, Travis,608671,135,SD,RF,27,175,4.12,29.0
Gordon, Dee,543829,136,SEA,2B,30,298,3.95,29.0
Phillips, Brett,621433,118,KC,CF,24,50,4.08,29.0
Young Jr., Eric,458913,108,LAA,CF,33,52,4.26,29.0
Dixon, Brandon,641525,113,CIN,1B,26,44,4.22,28.9
Garcia, Avisail,541645,145,CWS,RF,27,148,4.35,28.9
Kiermaier, Kevin,595281,139,TB,CF,28,159,4.07,28.9
Allen, Greg,656185,114,CLE,CF,25,127,4.14,28.9
Tauchman, Mike,643565,115,COL,LF,28,17,4.17,28.9
Spangenberg, Cory,605486,135,SD,2B,27,123,4.09,28.9
Gentry, Craig,502226,110,BAL,RF,35,80,4.22,28.9
Stevenson, Andrew,664057,120,WSH,LF,24,33,4.16,28.9
Duggar, Steven,621453,137,SF,CF,25,65,4.15,28.9
Baez, Javier,595879,112,CHC,2B,26,270,4.19,28.8
Bellinger, Cody,641355,119,LAD,1B,23,224,4.02,28.8
Peraza, Jose,606299,113,CIN,SS,24,277,4.19,28.8
Moncada, Yoan,660162,145,CWS,2B,23,201,4.20,28.8
Wade, Tyler,642180,147,NYY,2B,24,35,4.13,28.7
Davis, Jonathan,641505,141,TOR,CF,26,12,,28.7
Anderson, Tim,641313,145,CWS,SS,25,248,4.20,28.7
Luplow, Jordan,656669,134,PIT,LF,25,38,4.34,28.7
Albies, Ozzie,645277,144,ATL,2B,21,272,4.07,28.7
Meadows, Austin,640457,139,TB,CF,23,68,4.18,28.7
Locastro, Tim,641796,119,LAD,CF,26,5,,28.7
Reinheimer, Jack,595373,121,NYM,SS,26,20,,28.7
McCutchen, Andrew,457705,147,NYY,RF,32,234,4.32,28.7
Taylor, Chris,621035,119,LAD,SS,28,207,4.23,28.7
Marte, Ketel,606466,109,ARI,2B,25,280,4.23,28.7
Yelich, Christian,592885,158,MIL,RF,27,308,4.18,28.7
Tapia, Raimel,606132,115,COL,CF,24,10,,28.6
Pham, Tommy,502054,139,TB,CF,30,219,4.42,28.6
Marte, Starling,516782,134,PIT,CF,30,278,4.13,28.6
Realmuto, J.T.,592663,146,MIA,C,27,203,4.26,28.6
Adduci, Jim,451192,116,DET,1B,33,83,4.15,28.6
Dozier, Hunter,641531,118,KC,1B,27,142,4.34,28.6
Mahtook, Mikie,543484,116,DET,LF,29,90,4.27,28.6
Garcia, Leury,544725,145,CWS,LF,27,115,4.08,28.6
Hernandez, Teoscar,606192,141,TOR,LF,26,172,4.28,28.6
Cain, Lorenzo,456715,158,MIL,CF,32,296,4.18,28.6
Cuevas, Noel,571595,115,COL,RF,27,71,4.25,28.6
Difo, Wilmer,594694,120,WSH,2B,26,174,4.26,28.6
Toles, Andrew,592808,119,LAD,CF,26,14,,28.6
Rua, Ryan,607387,140,TEX,LF,28,43,4.44,28.6
Robinson, Shane,453203,147,NYY,RF,34,24,4.21,28.6
Dahl, David,621311,115,COL,LF,24,94,4.17,28.6
Saladino, Tyler,573135,158,MIL,SS,29,39,4.34,28.6
Pirela, Jose,517369,135,SD,2B,29,214,4.28,28.5
Maybin, Cameron,457727,136,SEA,LF,31,159,4.24,28.5
Herrera, Rosell,594011,118,KC,RF,26,156,4.21,28.5
Lagares, Juan,501571,121,NYM,CF,29,36,4.31,28.5
Lee, Braxton,657658,146,MIA,RF,25,5,,28.5
Blanco, Gregor,453923,137,SF,LF,35,64,4.14,28.5
Hernandez, Gorkys,491676,137,SF,CF,31,164,4.29,28.5
Nimmo, Brandon,607043,121,NYM,RF,25,226,4.23,28.5
Lugo, Dawel,608475,116,DET,2B,24,61,4.34,28.5
Heredia, Guillermo,628338,136,SEA,CF,27,141,4.25,28.4
Adames, Willy,642715,139,TB,SS,23,119,4.26,28.4
Barreto, Franklin,620439,133,OAK,2B,22,21,,28.4
Hanson, Alen,593700,137,SF,2B,26,143,4.19,28.4
Williams, Nick,608384,143,PHI,RF,25,141,4.32,28.4
Polanco, Jorge,593871,142,MIN,SS,25,119,4.19,28.4
Lindor, Francisco,596019,114,CLE,SS,25,299,4.21,28.4
Peterson, Jace,607054,110,BAL,3B,28,93,4.23,28.4
Ohtani, Shohei,660271,108,LAA,DH,24,127,4.07,28.4
Reyes, Pablo,622569,134,PIT,RF,25,30,4.30,28.4
Culberson, Charlie,518586,144,ATL,LF,29,148,4.19,28.3
LaMarre, Ryan,534606,145,CWS,CF,30,74,4.19,28.3
Gamel, Ben,592325,136,SEA,LF,26,130,4.20,28.3
Grichuk, Randal,545341,141,TOR,RF,27,136,4.35,28.3
Wendle, Joey,621563,139,TB,2B,28,243,4.16,28.3
Chapman, Matt,656305,133,OAK,3B,25,236,4.37,28.3
Semien, Marcus,543760,133,OAK,SS,28,251,4.28,28.3
Puig, Yasiel,624577,119,LAD,RF,28,191,4.33,28.3
Powell, Boog,621471,133,OAK,CF,25,14,,28.3
Owings, Chris,572008,109,ARI,RF,27,111,4.14,28.3
Florimon, Pedro,465753,143,PHI,SS,32,28,,28.3
Rickard, Joey,572073,110,BAL,RF,27,82,4.23,28.2
Alfaro, Jorge,595751,143,PHI,C,25,117,4.35,28.2
Soler, Jorge,624585,118,KC,RF,26,98,4.40,28.2
Pollock, A.J.,572041,109,ARI,CF,31,185,4.34,28.2
Pence, Hunter,452254,137,SF,LF,35,112,4.22,28.2
Santana, Danny,542454,144,ATL,LF,28,10,,28.2
Almonte, Abraham,501659,118,KC,CF,29,56,4.30,28.2
Szczur, Matt,519333,135,SD,RF,29,26,4.24,28.2
Williamson, Mac,607776,137,SF,LF,28,45,4.32,28.2
DeJong, Paul,657557,138,STL,SS,25,143,4.36,28.2
Ahmed, Nick,605113,109,ARI,SS,28,236,4.35,28.2
Frazier, Clint,640449,147,NYY,LF,24,16,,28.2
Walker, Christian,572233,109,ARI,1B,27,14,,28.2
Munoz, Yairo,622168,138,STL,SS,23,150,4.30,28.1
Sanchez, Yolmer,570560,145,CWS,3B,26,308,4.25,28.1
Altuve, Jose,514888,117,HOU,2B,28,273,4.13,28.1
Myers, Wil,571976,135,SD,3B,28,119,4.35,28.1
Bonifacio, Jorge,593528,118,KC,RF,25,88,4.33,28.1
Ward, Taylor,621493,108,LAA,3B,25,40,4.44,28.1
Odor, Rougned,596059,140,TEX,2B,24,178,4.14,28.1
Souza Jr., Steven,519306,109,ARI,RF,29,97,4.31,28.1
d'Arnaud, Chase,488818,137,SF,2B,31,26,4.26,28.1
Fletcher, David,664058,108,LAA,2B,24,136,4.24,28.1
Betts, Mookie,605141,111,BOS,RF,26,236,4.18,28.1
Desmond, Ian,435622,115,COL,1B,33,317,4.36,28.1
Dean, Austin,621573,146,MIA,LF,25,50,4.27,28.1
Hicks, Aaron,543305,147,NYY,CF,29,197,4.17,28.1
Rosario, Eddie,592696,142,MIN,LF,27,234,4.19,28.0
Rodriguez, Ronny,500135,116,DET,SS,26,81,4.25,28.0
Kiner-Falefa, Isiah,643396,140,TEX,3B,23,204,4.27,28.0
Ervin, Phillip,640447,113,CIN,LF,26,82,4.27,28.0
Perez, Hernan,541650,158,MIL,2B,27,131,4.38,28.0
Tomlinson, Kelby,605509,137,SF,2B,28,68,4.24,28.0
Crawford, J.P.,641487,143,PHI,SS,23,49,4.38,28.0
Iglesias, Jose,578428,116,DET,SS,28,221,4.16,28.0
Gurriel Jr., Lourdes,666971,141,TOR,SS,25,100,4.29,28.0
Urias, Luis,649966,135,SD,2B,21,27,4.29,28.0
Bryant, Kris,592178,112,CHC,3B,26,156,4.29,28.0
Gregorius, Didi,544369,147,NYY,SS,28,228,4.24,28.0
Gomez, Carlos,460576,139,TB,RF,33,117,4.43,28.0
Murphy, Tom,608596,115,COL,C,27,27,4.38,28.0
Judge, Aaron,592450,147,NYY,RF,26,156,4.56,28.0
Torreyes, Ronald,591720,147,NYY,2B,26,46,4.15,28.0
Slater, Austin,596103,137,SF,LF,26,95,4.37,28.0
Duvall, Adam,594807,144,ATL,LF,30,122,4.35,28.0
Field, Johnny,608654,142,MIN,LF,26,83,4.30,28.0
Diaz, Aledmys,649557,141,TOR,SS,28,182,4.30,27.9
Guyer, Brandon,446386,114,CLE,RF,32,83,4.36,27.9
Wisdom, Patrick,621550,138,STL,3B,27,16,,27.9
Jansen, Danny,643376,141,TOR,C,23,37,4.29,27.9
Ortega, Rafael,542364,146,MIA,RF,27,58,4.32,27.9
Torres, Ramon,593527,118,KC,3B,25,18,,27.9
Segura, Jean,516416,136,SEA,SS,28,310,4.21,27.9
Kepler, Max,596146,142,MIN,RF,25,237,4.27,27.9
Thompson, Trayce,572204,145,CWS,RF,27,38,4.34,27.9
Almora Jr., Albert,546991,112,CHC,CF,24,235,4.34,27.9
Escobar, Eduardo,500871,109,ARI,3B,29,230,4.27,27.8
Inciarte, Ender,542255,144,ATL,CF,28,289,4.12,27.9
Kozma, Pete,518902,116,DET,SS,30,37,4.33,27.8
Polanco, Gregory,570256,134,PIT,RF,27,173,4.18,27.8
Upton, Justin,457708,108,LAA,LF,31,202,4.37,27.8
Andujar, Miguel,609280,147,NYY,3B,23,283,4.31,27.8
Bogaerts, Xander,593428,111,BOS,SS,26,270,4.23,27.8
Dickerson, Corey,572816,134,PIT,LF,29,211,4.22,27.8
Bregman, Alex,608324,117,HOU,3B,24,296,4.31,27.8
Pillar, Kevin,607680,141,TOR,CF,29,186,4.34,27.8
Bradley Jr., Jackie,598265,111,BOS,CF,28,214,4.26,27.8
Avelino, Abiatal,623214,137,SF,SS,23,8,,27.8
Haniger, Mitch,571745,136,SEA,RF,28,247,4.38,27.8
Ozuna, Marcell,542303,138,STL,LF,28,248,4.42,27.8
Conforto, Michael,624424,121,NYM,LF,25,217,4.35,27.8
Rosales, Adam,489267,114,CLE,2B,35,8,,27.8
Bauers, Jake,641343,139,TB,1B,23,135,4.19,27.8
Riddle, JT,595375,146,MIA,SS,27,139,4.37,27.8
Stanton, Giancarlo,519317,147,NYY,DH,29,240,4.45,27.8
Cave, Jake,595909,142,MIN,CF,26,132,4.28,27.8
Hernandez, Enrique,571771,119,LAD,CF,27,176,4.35,27.8
Castellanos, Nicholas,592206,116,DET,RF,26,232,4.29,27.7
Grossman, Robbie,543257,142,MIN,RF,29,194,4.27,27.8
McNeil, Jeff,643446,121,NYM,2B,26,117,4.09,27.8
Bote, David,623520,112,CHC,3B,25,100,4.31,27.7
Benintendi, Andrew,643217,111,BOS,LF,24,273,4.22,27.7
Miller, Brad,543543,158,MIL,1B,29,85,4.28,27.7
Correa, Carlos,621043,117,HOU,SS,24,175,4.32,27.7
Schebler, Scott,594988,113,CIN,RF,28,168,4.23,27.7
Williams, Mason,592863,113,CIN,RF,27,54,4.23,27.7
Moroff, Max,621559,134,PIT,2B,25,16,,27.7
Tocci, Carlos,624636,140,TEX,CF,23,57,4.37,27.7
Machado, Dixon,553988,116,DET,2B,26,99,4.43,27.7
Lin, Tzu-Wei,624407,111,BOS,SS,24,32,4.22,27.7
Duffy, Matt,622110,139,TB,3B,27,278,4.42,27.7
Reddick, Josh,502210,117,HOU,RF,31,166,4.24,27.7
Valera, Breyvic,591971,110,BAL,2B,26,29,4.21,27.7
Robertson, Daniel,621002,139,TB,2B,24,146,4.44,27.7
Springer, George,543807,117,HOU,CF,29,277,4.31,27.7
Span, Denard,452655,136,SEA,LF,34,200,4.34,27.7
Rondon, Jose,602922,145,CWS,3B,24,41,4.38,27.7
Refsnyder, Rob,608701,139,TB,LF,27,32,4.33,27.7
Wong, Kolten,543939,138,STL,2B,28,172,4.16,27.7
Happ, Ian,664023,112,CHC,CF,24,140,4.31,27.6
Villar, Jonathan,542340,110,BAL,2B,27,206,4.21,27.6
Herrera, Dilson,599096,113,CIN,2B,24,21,,27.6
Gallo, Joey,608336,140,TEX,LF,25,109,4.42,27.6
Blackmon, Charlie,453568,115,COL,CF,32,272,4.27,27.6
Heyward, Jason,518792,112,CHC,RF,29,222,4.33,27.6
Goodwin, Brian,571718,118,KC,CF,28,58,4.19,27.6
Mercer, Jordy,474568,134,PIT,SS,32,149,4.35,27.6
Contreras, Willson,575929,112,CHC,C,26,242,4.32,27.6
Canha, Mark,592192,133,OAK,CF,29,160,4.34,27.6
Profar, Jurickson,595777,140,TEX,SS,25,262,4.30,27.6
Smolinski, Jake,519295,133,OAK,CF,29,18,4.38,27.6
Stewart, DJ,621466,110,BAL,LF,25,15,,27.6
Kemp, Tony,643393,117,HOU,LF,27,130,4.15,27.6
Gurriel, Yuli,493329,117,HOU,1B,34,272,4.32,27.6
Diaz, Yandy,650490,114,CLE,DH,27,56,4.44,27.6
Escobar, Alcides,444876,118,KC,SS,32,237,4.33,27.6
Muncy, Max,571970,119,LAD,1B,28,147,4.30,27.6
Valaika, Pat,642162,115,COL,1B,26,44,4.36,27.5
Urena, Richard,620446,141,TOR,SS,22,34,,27.5
Martin, Leonys,547982,114,CLE,CF,30,124,4.30,27.5
Schoop, Jonathan,570731,158,MIL,2B,27,202,4.48,27.5
Naquin, Tyler,571980,114,CLE,RF,27,77,4.36,27.5
Russell, Addison,608365,112,CHC,SS,24,183,4.25,27.5
Nunez, Eduardo,456488,111,BOS,2B,31,251,4.25,27.5
Harper, Bryce,547180,120,WSH,RF,26,204,4.35,27.5
McKinney, Billy,641856,141,TOR,LF,24,41,4.27,27.5
Eaton, Adam,594809,120,WSH,RF,30,145,4.17,27.5
Reyes, Jose,408314,121,NYM,3B,35,105,4.18,27.5
Lowe, Brandon,664040,139,TB,2B,24,59,4.23,27.5
Cooper, Garrett,643265,146,MIA,1B,28,15,,27.5
Cespedes, Yoenis,493316,121,NYM,LF,33,36,4.39,27.5
Jackson, Austin,457706,121,NYM,CF,31,121,4.51,27.5
Castro, Harold,605612,116,DET,SS,25,6,,27.5
Ramirez, Jose,608070,114,CLE,3B,26,252,4.28,27.5
Gonzalez, Carlos,471865,115,COL,RF,33,223,4.26,27.5
Gonzalez, Erik,570481,114,CLE,2B,27,69,4.32,27.4
Murphy, John Ryan,571974,109,ARI,C,27,56,4.35,27.4
Fowler, Dexter,451594,138,STL,RF,32,108,4.33,27.4
Asuaje, Carlos,641319,135,SD,2B,27,68,4.34,27.4
Robinson, Drew,592685,140,TEX,CF,26,29,4.39,27.4
Barnes, Austin,605131,119,LAD,C,29,96,4.41,27.4
Osuna, Jose,591741,134,PIT,1B,26,53,4.43,27.4
Castro, Starlin,516770,146,MIA,2B,28,289,4.38,27.4
Romine, Andrew,461865,136,SEA,SS,33,44,4.35,27.4
Suzuki, Ichiro,400085,136,SEA,LF,45,22,4.10,27.3
Garcia, Greg,594824,138,STL,2B,29,85,4.23,27.3
Candelario, Jeimer,600869,116,DET,3B,25,219,4.41,27.3
Nunez, Renato,600524,110,BAL,3B,24,98,4.48,27.3
Forsythe, Logan,523253,142,MIN,2B,31,162,4.51,27.3
Nottingham, Jacob,641924,158,MIL,C,23,9,,27.3
Orf, Nate,644337,158,MIL,2B,28,6,,27.3
Renfroe, Hunter,592669,135,SD,LF,26,136,4.37,27.3
Rendon, Anthony,543685,120,WSH,3B,28,225,4.37,27.3
Severino, Pedro,600474,120,WSH,C,25,74,4.31,27.3
Frazier, Adam,624428,134,PIT,2B,27,160,4.33,27.3
Pinder, Chad,640461,133,OAK,LF,26,103,4.45,27.3
Devers, Rafael,646240,111,BOS,3B,22,194,4.30,27.3
Peralta, David,444482,109,ARI,LF,31,278,4.35,27.2
Marrero, Deven,571918,109,ARI,3B,28,31,4.49,27.2
Soto, Juan,665742,120,WSH,LF,20,225,4.20,27.2
Austin, Tyler,592122,142,MIN,1B,27,83,4.48,27.2
Beckham, Tim,542921,110,BAL,SS,28,155,4.41,27.2
Johnson, Sherman,582473,108,LAA,2B,28,6,,27.2
Utley, Chase,400284,119,LAD,2B,40,71,4.27,27.2
Delmonico, Nicky,547170,145,CWS,LF,26,117,4.51,27.2
Blash, Jabari,518466,108,LAA,RF,29,7,,27.2
LeMahieu, DJ,518934,115,COL,2B,30,279,4.46,27.1
Simmons, Andrelton,592743,108,LAA,SS,29,293,4.48,27.1
Anderson, Brian,605119,146,MIA,RF,25,282,4.44,27.1
Bell, Josh,605137,134,PIT,1B,26,248,4.41,27.1
Verdugo, Alex,657077,119,LAD,LF,22,39,4.25,27.1
Swihart, Blake,596119,111,BOS,C,26,81,4.33,27.1
Martini, Nick,605361,133,OAK,LF,28,81,4.37,27.1
Young, Chris,455759,108,LAA,RF,35,35,4.46,27.1
Stewart, Christin,621514,116,DET,LF,25,24,,27.1
Torres, Gleyber,650402,147,NYY,2B,22,130,4.36,27.1
Schwarber, Kyle,656941,112,CHC,LF,25,161,4.29,27.1
Tucker, Preston,605512,144,ATL,LF,28,65,4.34,27.1
Harrison, Josh,543281,134,PIT,2B,31,138,4.37,27.1
Cozens, Dylan,622226,143,PHI,LF,24,10,,27.1
Thames, Eric,519346,158,MIL,1B,32,73,4.27,27.0
Andrus, Elvis,462101,140,TEX,SS,30,199,4.38,27.1
Castro, Daniel,593495,115,COL,2B,26,24,4.34,27.0
Herrmann, Chris,543302,136,SEA,C,31,21,,27.0
Sierra, Moises,501213,120,WSH,LF,30,22,4.37,27.0
Santander, Anthony,623993,110,BAL,RF,24,43,4.49,27.0
Hechavarria, Adeiny,588751,147,NYY,SS,29,127,4.43,27.0
Velazquez, Andrew,623205,139,TB,SS,24,6,,27.0
Mancini, Trey,641820,110,BAL,LF,26,273,4.51,27.0
Travis, Sam,607752,111,BOS,LF,25,23,4.49,27.0
Longoria, Evan,446334,137,SF,3B,33,191,4.46,26.9
O'Hearn, Ryan,656811,118,KC,1B,25,53,4.56,26.9
Travis, Devon,581527,141,TOR,2B,27,169,4.44,26.9
Gomes, Yan,543228,114,CLE,C,31,128,4.50,26.9
Lamb, Jake,571875,109,ARI,3B,28,96,4.36,26.9
Guerra, Javy,642770,135,SD,SS,23,7,,26.9
Kipnis, Jason,543401,114,CLE,2B,31,173,4.38,26.9
Goldschmidt, Paul,502671,109,ARI,1B,31,216,4.47,26.9
Santana, Domingo,570267,158,MIL,RF,26,87,4.51,26.9
Adrianza, Ehire,501303,142,MIN,SS,29,127,4.35,26.9
Cuthbert, Cheslor,596144,118,KC,3B,26,39,4.48,26.9
Dietrich, Derek,518618,146,MIA,LF,29,195,4.32,26.8
Knapp, Andrew,595284,143,PHI,C,27,59,4.32,26.8
Drury, Brandon,592273,141,TOR,3B,26,33,4.44,26.8
Galvis, Freddy,520471,135,SD,SS,29,214,4.34,26.8
Granderson, Curtis,434158,158,MIL,RF,37,100,4.30,26.8
Sano, Miguel,593934,142,MIN,3B,25,84,4.62,26.8
Ngoepe, Gift,547912,141,TOR,2B,28,6,,26.8
Reyes, Franmil,614177,135,SD,RF,23,101,4.54,26.8
Greiner, Grayson,606988,116,DET,C,26,47,4.55,26.8
Descalso, Daniel,518614,109,ARI,2B,32,122,4.37,26.8
Cowart, Kaleb,592230,108,LAA,2B,26,35,,26.8
Arcia, Orlando,606115,158,MIL,SS,24,180,4.44,26.8
Dozier, Brian,572821,119,LAD,2B,31,234,4.44,26.8
McGuire, Reese,624512,141,TOR,C,23,13,,26.8
Mazara, Nomar,608577,140,TEX,RF,23,231,4.32,26.8
Martinez, J.D.,502110,111,BOS,DH,31,260,4.45,26.8
Zimmerman, Ryan,475582,120,WSH,1B,34,144,4.44,26.7
Trahan, Blake,664167,113,CIN,SS,25,7,,26.7
Braun, Ryan,460075,158,MIL,LF,35,211,4.42,26.7
Abreu, Jose,547989,145,CWS,1B,31,207,4.53,26.7
Piscotty, Stephen,572039,133,OAK,RF,27,258,4.42,26.7
Jones, Adam,430945,110,BAL,CF,33,247,4.53,26.7
Herrera, Odubel,546318,143,PHI,CF,27,217,4.21,26.7
Zobrist, Ben,450314,112,CHC,RF,37,236,4.36,26.7
Freeman, Freddie,518692,144,ATL,1B,29,274,4.44,26.7
Urshela, Gio,570482,141,TOR,SS,27,15,,26.7
Marte, Jefry,527043,108,LAA,1B,27,98,4.46,26.7
Shaw, Travis,543768,158,MIL,3B,28,175,4.41,26.7
Lowrie, Jed,476704,133,OAK,2B,34,205,4.45,26.7
Rodriguez, Sean,446481,134,PIT,2B,33,45,4.59,26.6
La Stella, Tommy,600303,112,CHC,3B,29,90,4.37,26.6
Joseph, Corban,543377,110,BAL,1B,30,7,,26.6
Gattis, Evan,594828,117,HOU,DH,32,151,4.59,26.6
Farmer, Kyle,571657,119,LAD,3B,28,23,4.49,26.6
Arroyo, Christian,624414,139,TB,3B,23,30,4.60,26.6
Kinsler, Ian,435079,111,BOS,2B,36,227,4.53,26.6
Blandino, Alex,607468,113,CIN,2B,26,48,4.64,26.6
Sogard, Eric,519299,158,MIL,SS,32,45,4.36,26.6
Cozart, Zack,446359,108,LAA,3B,33,97,4.45,26.6
Turner, Justin,457759,119,LAD,3B,34,186,4.62,26.6
Valentin, Jesmuel,621044,143,PHI,3B,24,27,,26.6
O'Brien, Peter,598284,146,MIA,1B,28,20,4.50,26.6
Diaz, Elias,553869,134,PIT,C,28,119,4.55,26.6
Parra, Gerardo,467827,115,COL,LF,31,184,4.31,26.6
Smith, Kevan,607345,145,CWS,C,30,111,4.63,26.6
Palka, Daniel,594953,145,CWS,DH,27,150,4.41,26.5
Walker, Neil,435522,147,NYY,1B,33,113,4.44,26.5
Sardinas, Luis,596143,110,BAL,2B,25,9,,26.5
Flaherty, Ryan,475247,144,ATL,3B,32,86,4.42,26.5
Briceno, Jose,593993,108,LAA,C,26,41,4.59,26.5
Freese, David,501896,119,LAD,3B,35,130,4.40,26.5
Rojas, Miguel,500743,146,MIA,SS,29,216,4.47,26.5
Hicks, John,543308,116,DET,1B,29,111,4.43,26.5
Martinez, Jose,500874,138,STL,1B,30,255,4.51,26.5
Motter, Taylor,600301,142,MIN,1B,29,17,4.55,26.5
Calhoun, Willie,641432,140,TEX,LF,24,41,4.54,26.5
Mejia, Francisco,642336,135,SD,C,23,19,,26.5
Carpenter, Matt,572761,138,STL,3B,33,169,4.40,26.5
Valencia, Danny,502143,110,BAL,3B,34,106,4.55,26.5
Goins, Ryan,572365,118,KC,2B,30,55,4.44,26.5
Guerrero, Gabriel,602115,113,CIN,CF,25,6,,26.5
Chisenhall, Lonnie,502082,114,CLE,RF,30,38,4.48,26.5
Guillorme, Luis,641645,121,NYM,3B,24,35,4.29,26.4
Davis, J.D.,605204,117,HOU,3B,25,41,4.55,26.4
Gennett, Scooter,571697,113,CIN,2B,28,249,4.39,26.4
Joseph, Caleb,543376,110,BAL,C,32,102,4.60,26.4
Kelly, Ty,571841,121,NYM,LF,30,5,,26.4
Vargas, Ildemaro,545121,109,ARI,3B,27,7,,26.4
Gonzalez, Marwin,503556,117,HOU,LF,29,187,4.40,26.4
Markakis, Nick,455976,144,ATL,RF,35,299,4.40,26.4
Romine, Austin,519222,147,NYY,C,30,104,4.49,26.4
Morrison, Logan,489149,142,MIN,1B,31,98,4.56,26.4
Smith Jr, Dwight,596105,141,TOR,LF,26,36,4.44,26.4
Garver, Mitch,641598,142,MIN,C,27,138,4.53,26.3
Holt, Brock,571788,111,BOS,2B,30,168,4.39,26.3
Kramer, Kevin,596012,134,PIT,2B,25,9,,26.3
Haase, Eric,606992,114,CLE,C,26,7,,26.3
Cron, C.J.,543068,139,TB,DH,28,186,4.58,26.3
Camargo, Johan,622666,144,ATL,3B,25,197,4.45,26.3
Hoskins, Rhys,656555,143,PHI,LF,25,175,4.56,26.3
Smith, Dominic,642086,121,NYM,1B,23,47,4.50,26.3
Tucker, Kyle,663656,117,HOU,LF,21,24,,26.3
Kendrick, Howie,435062,120,WSH,2B,35,69,4.53,26.3
Machado, Manny,592518,119,LAD,SS,26,269,4.62,26.3
Voit, Luke,572228,147,NYY,1B,27,48,4.62,26.3
Pederson, Joc,592626,119,LAD,LF,26,156,4.34,26.3
Kemp, Matt,461314,119,LAD,LF,34,181,4.52,26.3
Hosmer, Eric,543333,135,SD,1B,29,307,4.46,26.3
Gomez, Miguel,622497,137,SF,2B,26,8,,26.2
Guzman, Ronald,608597,140,TEX,1B,24,147,4.48,26.2
Marjama, Mike,605357,136,SEA,C,29,16,,26.2
Beckham, Gordon,493596,136,SEA,2B,32,19,,26.2
Trumbo, Mark,444432,110,BAL,DH,32,116,4.66,26.2
Alvarez, Pedro,476883,110,BAL,DH,31,38,4.54,26.2
Pearce, Steve,456665,111,BOS,1B,35,115,4.55,26.2
Phillips, Brandon,408252,111,BOS,2B,37,14,,26.2
Petit, Gregorio,463610,142,MIN,2B,34,23,4.41,26.2
Suarez, Eugenio,553993,113,CIN,3B,27,185,4.62,26.2
Davis, Khris,501981,133,OAK,DH,31,177,4.77,26.2
Pennington, Cliff,460060,113,CIN,3B,34,7,,26.2
Joyce, Matt,459964,133,OAK,LF,34,75,4.58,26.1
Calhoun, Kole,594777,108,LAA,RF,31,195,4.52,26.1
Shaw, Chris,622046,137,SF,LF,25,14,,26.1
Barnes, Brandon,488681,114,CLE,RF,32,9,,26.1
Brantley, Michael,488726,114,CLE,LF,31,272,4.60,26.1
Phegley, Josh,572033,133,OAK,C,30,41,4.45,26.1
Cruz, Tony,488810,113,CIN,C,32,7,,26.0
Seager, Corey,608369,119,LAD,SS,24,52,4.55,26.0
Healy, Ryon,592387,136,SEA,1B,26,177,4.63,26.0
Plawecki, Kevin,608700,121,NYM,C,27,99,4.59,26.0
Cabrera, Melky,466320,114,CLE,RF,34,128,4.44,26.0
Zunino, Mike,572287,136,SEA,C,27,102,4.57,26.0
Jay, Jon,445055,109,ARI,RF,33,283,4.50,26.0
Choo, Shin-Soo,425783,140,TEX,DH,36,242,4.43,26.0
Winker, Jesse,608385,113,CIN,RF,25,127,4.51,26.0
Garcia, Aramis,605244,137,SF,1B,25,11,,26.0
Wolters, Tony,547172,115,COL,C,26,97,4.49,26.0
Sanchez, Adrian,506703,120,WSH,2B,28,31,4.62,26.0
Mauer, Joe,408045,142,MIN,1B,35,252,4.57,26.0
Santana, Carlos,467793,143,PHI,1B,32,243,4.48,26.0
Castro, Jason,488771,142,MIN,C,31,20,,25.9
Adams, Matt,571431,138,STL,1B,30,97,4.56,25.9
McMahon, Ryan,641857,115,COL,1B,24,70,4.53,25.9
Olson, Matt,621566,133,OAK,1B,24,182,4.53,25.9
Trevino, Jose,624431,140,TEX,C,26,5,,25.9
Hedges, Austin,595978,135,SD,C,26,92,4.66,25.9
Maile, Luke,571912,141,TOR,C,27,89,4.62,25.9
Rasmus, Colby,458675,110,BAL,RF,32,13,,25.9
Alberto, Hanser,593643,140,TEX,SS,26,12,,25.9
Belt, Brandon,474832,137,SF,1B,30,117,4.47,25.9
Seager, Kyle,572122,136,SEA,3B,31,188,4.50,25.9
Sanchez, Gary,596142,147,NYY,C,26,127,4.54,25.9
Crawford, Brandon,543063,137,SF,SS,31,219,4.42,25.8
Prado, Martin,445988,146,MIA,3B,35,86,4.60,25.8
McCann, James,543510,116,DET,C,28,142,4.72,25.8
Cervelli, Francisco,465041,134,PIT,C,32,119,4.54,25.8
Vogelbach, Daniel,596129,136,SEA,1B,26,24,4.65,25.8
Choi, Ji-Man,596847,139,TB,DH,27,80,4.38,25.7
Villanueva, Christian,570799,135,SD,3B,27,97,4.66,25.7
Mathis, Jeff,425772,109,ARI,C,35,66,4.64,25.7
Stassi, Max,545358,117,HOU,C,27,100,4.65,25.7
White, Tyler,643603,117,HOU,1B,28,80,4.55,25.7
Moustakas, Mike,519058,158,MIL,3B,30,206,4.60,25.7
Arenado, Nolan,571448,115,COL,3B,27,234,4.57,25.7
Caratini, Victor,605170,112,CHC,C,25,94,4.61,25.7
Headley, Chase,452104,135,SD,3B,34,17,,25.7
Ramirez, Hanley,434670,111,BOS,1B,35,76,4.66,25.7
Flores, Wilmer,527038,121,NYM,1B,27,164,4.57,25.7
Pedroia, Dustin,456030,111,BOS,2B,35,5,,25.6
Frazier, Todd,453943,121,NYM,3B,32,126,4.57,25.6
Davidson, Matt,571602,145,CWS,DH,27,138,4.63,25.6
Bautista, Jose,430832,143,PHI,RF,38,109,4.73,25.6
Martin, Russell,431145,141,TOR,C,35,122,4.76,25.6
Franco, Maikel,596748,143,PHI,3B,26,197,4.73,25.6
Suzuki, Kurt,435559,144,ATL,C,35,128,4.65,25.6
Telis, Tomas,542513,146,MIA,1B,27,12,,25.6
Hundley, Nick,460026,137,SF,C,35,90,4.66,25.6
Panik, Joe,605412,137,SF,2B,28,167,4.46,25.6
Rizzo, Anthony,519203,112,CHC,1B,29,222,4.58,25.5
Murphy, Daniel,502517,112,CHC,2B,33,119,4.58,25.6
Gordon, Alex,460086,118,KC,LF,34,185,4.57,25.5
Mesoraco, Devin,519023,121,NYM,C,30,82,4.53,25.5
Gimenez, Chris,460269,142,MIN,C,36,23,4.69,25.5
Bruce, Jay,457803,121,NYM,RF,31,83,4.52,25.5
Davis, Chris,448801,110,BAL,1B,32,137,4.65,25.5
Sisco, Chance,642082,110,BAL,C,23,51,4.53,25.5
Cabrera, Asdrubal,452678,143,PHI,2B,33,196,4.63,25.4
Reynolds, Matt,608703,120,WSH,3B,28,7,,25.4
Viloria, Meibrys,650619,118,KC,C,21,14,,25.4
Fernandez, Jose Miguel,628336,108,LAA,1B,30,49,4.68,25.4
Donaldson, Josh,518626,114,CLE,3B,33,80,4.70,25.4
Votto, Joey,458015,113,CIN,1B,35,189,4.72,25.4
Chirinos, Robinson,455139,140,TEX,C,34,82,4.79,25.3
Iannetta, Chris,455104,115,COL,C,35,113,4.79,25.3
Moreland, Mitch,519048,111,BOS,1B,33,165,4.41,25.3
Vazquez, Christian,543877,111,BOS,C,28,111,4.57,25.3
Flowers, Tyler,452095,144,ATL,C,32,80,4.56,25.3
Stallings, Jacob,607732,134,PIT,C,29,16,,25.2
Tellez, Rowdy,642133,141,TOR,1B,23,28,,25.2
Moran, Colin,592567,134,PIT,3B,26,176,4.61,25.2
Narvaez, Omar,553882,145,CWS,C,26,123,4.69,25.2
Gyorko, Jedd,576397,138,STL,3B,30,131,4.55,25.2
Ciuffo, Nick,624419,139,TB,C,23,11,,25.2
Holliday, Matt,407812,115,COL,LF,38,21,,25.1
Lucroy, Jonathan,518960,133,OAK,C,32,173,4.70,25.1
Moore, Adam,446192,139,TB,C,34,5,,25.1
Nido, Tomas,621512,121,NYM,C,24,35,4.80,25.1
Wynns, Austin,642851,110,BAL,C,28,44,4.83,25.1
Bird, Greg,595885,147,NYY,1B,26,87,4.72,25.1
Freitas, David,571679,136,SEA,C,29,34,4.85,25.1
Holaday, Bryan,592407,146,MIA,C,31,64,4.64,25.1
Perez, Salvador,521692,118,KC,C,28,147,4.82,25.1
Pina, Manny,444489,158,MIL,C,31,123,4.72,25.0
Wallach, Chad,595453,146,MIA,C,27,14,,25.0
Perez, Carlos,542208,140,TEX,C,28,14,,25.0
Barnhart, Tucker,571466,113,CIN,C,27,191,4.65,25.0
Sandoval, Pablo,467055,137,SF,3B,32,94,4.56,25.0
Higashioka, Kyle,543309,147,NYY,C,28,15,,25.0
Kieboom, Spencer,571851,120,WSH,C,27,48,4.86,25.0
Butera, Drew,460077,115,COL,C,35,61,4.71,24.9
Duda, Lucas,446263,144,ATL,1B,32,98,4.75,24.9
Cruz, Nelson,443558,136,SEA,DH,38,182,4.73,24.9
Perez, Michael,605421,139,TB,C,26,24,,24.9
Beltre, Adrian,134181,140,TEX,3B,39,154,4.74,24.9
Posey, Buster,457763,137,SF,C,31,189,4.70,24.8
Lopez, Raffy,607257,135,SD,C,31,23,,24.7
Lobaton, Jose,446653,121,NYM,C,34,21,,24.7
Solarte, Yangervis,500208,141,TOR,3B,31,197,4.75,24.7
Centeno, Juan,518542,140,TEX,C,29,15,,24.7
Aguilar, Jesus,542583,158,MIL,1B,28,154,4.68,24.7
Kratz, Erik,456124,158,MIL,C,38,88,4.78,24.6
Kelly, Carson,608348,138,STL,C,24,15,,24.6
Perez, Roberto,547379,114,CLE,C,30,56,4.86,24.6
Arcia, Francisco,516472,108,LAA,C,29,40,4.80,24.5
Rivera, Rene,425784,144,ATL,C,35,23,,24.5
Astudillo, Willians,553902,142,MIN,C,27,43,4.81,24.5
Grandal, Yasmani,518735,119,LAD,C,30,155,4.87,24.5
Cano, Robinson,429664,136,SEA,2B,36,150,4.59,24.5
Encarnacion, Edwin,429665,114,CLE,DH,35,156,4.84,24.5
Casali, Curt,592200,113,CIN,C,30,48,4.91,24.5
Stewart, Chris,455755,109,ARI,C,36,9,,24.4
Reynolds, Mark,448602,120,WSH,1B,35,60,4.82,24.4
Gonzalez, Adrian,408236,121,NYM,1B,36,61,4.76,24.4
Hudson, Joe,621529,108,LAA,C,27,5,,24.2
Wieters, Matt,446308,120,WSH,C,32,75,4.70,24.2
Gallagher, Cam,595956,118,KC,C,26,19,,24.2
Ellis, A.J.,454560,135,SD,C,37,56,4.93,24.1
Cabrera, Miguel,408234,116,DET,1B,35,61,4.93,24.1
Maldonado, Martin,455117,117,HOU,C,32,150,4.89,24.0
Valbuena, Luis,472528,108,LAA,3B,33,72,4.74,24.0
Leon, Sandy,506702,111,BOS,C,29,97,4.72,23.9
Federowicz, Tim,543148,113,CIN,C,31,10,,23.9
Maxwell, Bruce,622194,133,OAK,C,28,21,4.96,23.9
Avila, Alex,488671,109,ARI,C,31,54,4.94,23.8
Smoak, Justin,475253,141,TOR,1B,32,181,4.91,23.8
Bandy, Jett,542908,158,MIL,C,28,14,,23.8
Wilson, Bobby,435064,142,MIN,C,35,63,4.86,23.8
Bour, Justin,571506,143,PHI,1B,30,148,4.72,23.7
Castillo, Welington,456078,145,CWS,C,31,52,4.97,23.7
Morales, Kendrys,434778,141,TOR,DH,35,153,4.96,23.5
Alonso, Yonder,475174,114,CLE,1B,31,162,4.95,23.3
Pena, Francisco,506747,138,STL,C,29,49,4.92,23.2
Martinez, Victor,400121,116,DET,DH,40,163,4.87,23.2
Sucre, Jesus,491696,139,TB,C,30,66,5.09,22.9
Molina, Yadier,425877,138,STL,C,36,173,4.91,22.9
Ramos, Wilson,467092,143,PHI,C,31,162,4.93,22.8
McCann, Brian,435263,117,HOU,C,34,44,4.98,22.7
Susac, Andrew,572180,110,BAL,C,28,6,,22.5
Pujols, Albert,405395,108,LAA,1B,38,168,5.01,22.2
Graterol, Juan,492802,142,MIN,C,29,5,,21.6